{"rule":"simp","func":"sin","a":0,"b":3.1415926535897931,"n":16777216,"threads":8,"workK":0,"best_s":0.224007,"median_s":0.305778,"result":1.9999999999999787}
{"rule":"simp","func":"sin","a":0,"b":3.1415926535897931,"n":16777216,"threads":8,"workK":1000,"best_s":31.267488,"median_s":31.295288,"result":2.0008001664448765}
Hello from my C file!
