{"rule":"simp","func":"sin","a":0,"b":3.1415926535897931,"n":2097152,"threads":1,"workK":50,"accum":"reduction","best_s":0.418034,"median_s":0.493989,"result":2.0000400089174253}
{"rule":"simp","func":"sin","a":0,"b":3.1415926535897931,"n":2097152,"threads":4,"workK":50,"accum":"reduction","best_s":0.270906,"median_s":0.279047,"result":2.0000400089174826}
{"rule":"simp","func":"sin","a":0,"b":3.1415926535897931,"n":2097152,"threads":8,"workK":50,"accum":"reduction","best_s":0.302517,"median_s":0.352243,"result":2.0000400089174892}
