{"rule":"trap","func":"sin","a":0,"b":3.1415926535897931,"n":1048576,"threads":1,"workK":0,"best_s":0.018275,"median_s":0.025036,"result":1.9999999999985156}
