{"rule":"simp","func":"sin","a":0,"b":3.1415926535897931,"n":1048576,"threads":1,"workK":0,"best_s":0.017980,"median_s":0.017989,"result":2.0000000000000262}
