{"rule":"trap","func":"sin","a":0,"b":3.1415926535897931,"n":16777216,"threads":1,"workK":0,"best_s":0.177017,"median_s":0.188399,"result":2.0000000000004579}
{"rule":"trap","func":"sin","a":0,"b":3.1415926535897931,"n":16777216,"threads":8,"workK":0,"best_s":0.211181,"median_s":0.218953,"result":2.0000000000000373}
