{"rule":"simp","func":"sin","a":0,"b":3.1415926535897931,"n":16777216,"threads":8,"workK":0,"best_s":0.225875,"median_s":0.369549,"result":1.9999999999999789}
{"rule":"simp","func":"sin","a":0,"b":3.1415926535897931,"n":16777216,"threads":8,"workK":0,"best_s":0.125856,"median_s":0.128294,"result":1.9999999999999871}
{"rule":"simp","func":"sin","a":0,"b":3.1415926535897931,"n":16777216,"threads":8,"workK":0,"best_s":0.124829,"median_s":0.128873,"result":1.9999999999999896}
