{"rule":"simp","func":"sin","a":0,"b":3.1415926535897931,"n":16777216,"threads":4,"workK":0,"best_s":0.212696,"median_s":0.225004,"result":2.0000000000000431}
{"rule":"simp","func":"sin","a":0,"b":3.1415926535897931,"n":16777216,"threads":4,"workK":2000,"best_s":62.733422,"median_s":62.830325,"result":2.0016003077988072}
