{"rule":"trap","func":"sin","a":0,"b":3.1415926535897931,"n":64,"threads":1,"workK":0,"accum":"reduction","best_s":0.000002,"median_s":0.000002,"result":1.9995983886400375}
{"rule":"trap","func":"sin","a":0,"b":3.1415926535897931,"n":128,"threads":1,"workK":0,"accum":"reduction","best_s":0.000003,"median_s":0.000003,"result":1.9998996001842038}
{"rule":"trap","func":"sin","a":0,"b":3.1415926535897931,"n":256,"threads":1,"workK":0,"accum":"reduction","best_s":0.000005,"median_s":0.000005,"result":1.9999749002350531}
{"rule":"trap","func":"sin","a":0,"b":3.1415926535897931,"n":512,"threads":1,"workK":0,"accum":"reduction","best_s":0.000008,"median_s":0.000009,"result":1.9999937250705768}
{"rule":"trap","func":"sin","a":0,"b":3.1415926535897931,"n":1024,"threads":1,"workK":0,"accum":"reduction","best_s":0.000016,"median_s":0.000016,"result":1.9999984312683834}
{"rule":"trap","func":"sin","a":0,"b":3.1415926535897931,"n":2048,"threads":1,"workK":0,"accum":"reduction","best_s":0.000030,"median_s":0.000030,"result":1.9999996078171378}
{"rule":"trap","func":"sin","a":0,"b":3.1415926535897931,"n":4096,"threads":1,"workK":0,"accum":"reduction","best_s":0.000059,"median_s":0.000061,"result":1.9999999019542845}
{"rule":"trap","func":"sin","a":0,"b":3.1415926535897931,"n":8192,"threads":1,"workK":0,"accum":"reduction","best_s":0.000119,"median_s":0.000121,"result":1.9999999754885744}
{"rule":"trap","func":"sin","a":0,"b":3.1415926535897931,"n":16384,"threads":1,"workK":0,"accum":"reduction","best_s":0.000236,"median_s":0.000259,"result":1.999999993872138}
